Id,Tool,Request,Response,Date
1,todo,Create Task,Created Task #6,2026-04-04 19:52:17.265230
2,todo,Modify Task,Changed status on Task #6,2026-04-13 23:03:56.427154
3,todo,Modify Task,Changed status on Task #5,2026-04-04 19:52:24.383403
4,todo,Modify Task,Changed status on Task #2,2026-04-10 09:55:03.887781
5,notes,Create/Edit Note ho,Saved Note #2,2026-04-04 19:53:14.680571
6,notes,Create/Edit Note read,Saved Note #8,2026-04-04 19:53:27.174980
7,notes,Create/Edit Note pers,Saved Note #9,2026-04-04 19:53:58.585424
8,converter,C:/Users/achra/Downloads/sample-avatar.jpg,C:/Users/achra/OneDrive/Desktop/test\sample-avatar.svg,2026-04-10 09:58:32.374283
9,converter,C:/Users/achra/OneDrive/Desktop/UIT_master/Uit Master projects/python s1/UtilityHub – Application Modulaire d’Outils Utilitaires (Desktop + Web)/presentation_video_pyqt.mp4,C:/Users/achra/OneDrive/Desktop/test\presentation_video_pyqt.mp3,2026-04-10 10:02:46.449968
10,todo,Create Task,Created Task #7,2026-04-10 10:09:13.928605
11,todo,Modify Task,Changed status on Task #7,2026-04-13 23:03:53.018247
12,todo,Delete Task,Deleted Task #7,2026-04-13 23:03:54.301768
13,notes,Create/Edit Note manger,Saved Note #4,2026-04-13 23:05:02.212263
14,downloader,https://youtu.be/44pt8w67S8I?si=4N-kVZxo2pyZWnzc,C:\Users\achra\OneDrive\Desktop\test\GOJO_VS_SUKUNA_FULL_FIGHT_AMV_+_ENDING_SCENE_4K_LADY_GAGA_-_JUDAS-mp4.mp4,2026-05-19 13:21:43.441184
